,Strategy,Accuracy,Loss
0,Volume,0.762,3.099201990870281
1,Average,0.7628,3.1381682634886565
